{"cameraMode":{"drawMode":0,"name":"Shaded","section":"Shading Mode"},"sceneLighting":true,"audioPlay":false,"sceneViewState":{"m_AlwaysRefresh":false,"showFog":true,"showSkybox":true,"showFlares":true,"showImageEffects":true,"showParticleSystems":true,"showVisualEffectGraphs":true,"m_FxEnabled":true},"in2DMode":false,"pivot":{"x":-1.249222993850708,"y":0.44417905807495119,"z":6.180754661560059},"rotation":{"x":-0.09577693045139313,"y":0.0888797789812088,"z":-0.008595741353929043,"w":-0.991402268409729},"size":32.409664154052737,"orthographic":false}